{"lr":0.0001,"mfu":0.02437661896004589,"val/loss":2.119699716567993,"_step":8,"iter":2000,"_timestamp":1.7437042368111165e+09,"_wandb":{"runtime":181},"_runtime":179.2520396,"train/loss":2.0541934967041016}